,simStep,CFAggressivenessMean,maxAccelMean,normalDecelMean,clearance,Avg flow/lane GEH,% flow GEH < 5, % flow GEH < 10,Avg speed rms,% speed GEH < 5,% speed GEH < 10,,Avg flow/lane GEH,,Avg speed GEH
QEW2 y100 Prediction,0.91638,0.84863,2.92638,1.16665,1.04385,7.58482,0.52,0.737,1.55269,0.927,0.977,,2.7650746,,0.8795716
QEW2 y100 True,1.2,0.3,3.3,1.4,0.1,,,,,,,,,,
"
",,,,,,,,,,,,,% flow GEH < 5,,% speed GEH < 5
QEW2 y101 Prediction,1.25501,0.19308,1.33678,3.30582,1.02683,4.91328,0.533,0.894,1.87672,0.879,0.982,,0.8464,,0.95076
QEW2 y101 True,0.9,-0.3,1.1,2.8,0.4,,,,,,,,,,
"
",,,,,,,,,,,,, % flow GEH < 10,,% speed GEH < 10
QEW2 y102 Prediction,0.2623,0.21767,2.6954,2.65824,1.00918,0.3906,1,1,0.15588,1,1,,0.92604,,0.98894
QEW2 y102 True,0.4,0,1.7,3.2,0.8,,,,,,,,,,
"
",,,,,,,,,,,,,,,
QEW2 y103 Prediction,0.29607,0.13347,2.73222,2.86399,0.99736,0.30414,1,1,0.09194,1,1,,,,
QEW2 y103 True,0.4,-0.8,2.2,4.7,0.6,,,,,,,,,,
"
",,,,,,,,,,,,,,,
QEW2 y104 Prediction,1.49418,-0.22173,2.92488,4.41115,1.10339,8.83619,0.343,0.699,2.18373,0.896,0.942,,,,
QEW2 y104 True,1.5,-1,4,4.5,1.8,,,,,,,,,,
"
",,,,,,,,,,,,,,,
QEW2 y105 Prediction,0.26208,0.18086,2.71781,2.66681,1.00853,0.31009,1,1,0.07966,1,1,,,,
QEW2 y105 True,0.3,1,1.8,3.5,0.9,,,,,,,,,,
"
",,,,,,,,,,,,,,,
QEW2 y106 Prediction,1.14272,0.55885,1.74676,2.21503,0.99742,7.45723,0.482,0.793,2.38168,0.818,0.97,,,,
QEW2 y106 True,1.4,0.3,1.9,2.3,0.4,,,,,,,,,,
"
",,,,,,,,,,,,,,,
QEW2 y107 Prediction,0.26549,0.14495,2.75527,2.79217,1.00804,0.28579,1,1,0.06934,1,1,,,,
QEW2 y107 True,0.4,0.1,3.5,3.6,0.2,,,,,,,,,,
"
",,,,,,,,,,,,,,,
QEW2 y109 Prediction,0.2806,0.15874,2.71947,2.80255,1.00279,0.28187,1,1,0.07037,1,1,,,,
QEW2 y109 True,0.3,0.6,2,3,2,,,,,,,,,,
"
",,,,,,,,,,,,,,,
QEW2 y110 Prediction,1.34101,0.55647,2.56867,2.70134,1.01303,3.85289,0.755,0.889,1.80655,0.909,0.972,,,,
QEW2 y110 True,1,-0.5,3.2,4.8,0.8,,,,,,,,,,
"
",,,,,,,,,,,,,,,
QEW2 y112 Prediction,0.27364,0.14888,2.73775,2.77701,1.00462,0.32279,1,1,0.10934,1,1,,,,
QEW2 y112 True,0.5,-0.3,4,4.8,0.1,,,,,,,,,,
"
",,,,,,,,,,,,,,,
QEW2 y113 Prediction,0.26569,0.1804,2.72442,2.81421,1.00888,0.31543,1,1,0.13053,1,1,,,,
QEW2 y113 True,0.5,0.7,2.3,4.4,0.4,,,,,,,,,,
"
",,,,,,,,,,,,,,,
QEW2 y120 Prediction,1.1232,0.19641,2.82388,2.14939,1.06535,4.62677,0.75,0.854,1.7528,0.896,0.97,,,,
QEW2 y120 True,1,-0.6,2.8,2,0.2,,,,,,,,,,
"
",,,,,,,,,,,,,,,
QEW2 y121 Prediction,1.31589,0.87102,1.60002,3.93629,0.98374,4.28123,0.73,0.894,1.11131,0.975,0.99,,,,
QEW2 y121 True,1.3,0.9,2.5,4.6,2,,,,,,,,,,
"
",,,,,,,,,,,,,,,
QEW2 y122 Prediction,1.34411,0.89138,2.38828,3.01266,1.04847,5.81704,0.79,0.826,1.82188,0.866,0.965,,,,
QEW2 y122 True,1.1,0.4,3.3,3.6,0.9,,,,,,,,,,
"
",,,,,,,,,,,,,,,
QEW2 y123 Prediction,0.27348,0.39287,2.13843,2.2335,1.03714,0.36463,1,1,0.08649,1,1,,,,
QEW2 y123 True,0.2,0.6,1.5,3.2,1.1,,,,,,,,,,
"
",,,,,,,,,,,,,,,
QEW2 y124 Prediction,1.0783,-0.04596,1.27328,3.14809,1.0262,7.00774,0.437,0.79,2.43468,0.833,0.965,,,,
QEW2 y124 True,0.8,-0.7,1.5,2.4,0.6,,,,,,,,,,
"
",,,,,,,,,,,,,,,
QEW2 y125 Prediction,0.59712,0.48788,1.78989,3.95576,1.0288,1.40315,0.939,0.982,0.50535,1,1,,,,
QEW2 y125 True,0.9,1,2.3,3.9,0.3,,,,,,,,,,
"
",,,,,,,,,,,,,,,
QEW2 y126 Prediction,0.26985,0.09614,2.78232,2.72383,1.00458,0.30242,1,1,0.12301,1,1,,,,
QEW2 y126 True,0.1,0.4,3.4,3.9,1.8,,,,,,,,,,
"
",,,,,,,,,,,,,,,
QEW2 y127 Prediction,1.49319,-0.59389,1.7434,2.10757,1.10366,3.14186,0.869,0.917,1.03129,0.949,0.99,,,,
QEW2 y127 True,1.3,-1,1.7,2.2,2,,,,,,,,,,
"
",,,,,,,,,,,,,,,
QEW2 y131 Prediction,0.94441,0.28262,3.04385,1.67589,1.00412,2.24945,0.848,0.965,0.98432,0.962,1,,,,
QEW2 y131 True,0.6,-1,2.3,2.2,1.3,,,,,,,,,,
"
",,,,,,,,,,,,,,,
QEW2 y14 Prediction,1.23579,0.82527,1.96071,1.20675,1.00563,8.41631,0.533,0.74,2.43902,0.801,0.965,,,,
QEW2 y14 True,1.1,-0.3,1.6,1.1,0.2,,,,,,,,,,
"
",,,,,,,,,,,,,,,
QEW2 y145 Prediction,0.27261,0.18074,2.73999,2.77698,1.00743,0.3264,1,1,0.1959,1,1,,,,
QEW2 y145 True,0.6,0.6,2.5,2.6,1.7,,,,,,,,,,
"
",,,,,,,,,,,,,,,
QEW2 y146 Prediction,1.4351,0.29768,3.15572,1.25048,1.06735,12.13235,0.265,0.626,3.32572,0.737,0.914,,,,
QEW2 y146 True,1.5,-0.7,3.5,1.9,0.7,,,,,,,,,,
"
",,,,,,,,,,,,,,,
QEW2 y147 Prediction,0.26394,0.16816,2.73262,2.81148,1.00916,0.28274,1,1,0.09499,1,1,,,,
QEW2 y147 True,0.4,0.5,2.1,3.4,0.4,,,,,,,,,,
"
",,,,,,,,,,,,,,,
QEW2 y148 Prediction,1.32241,0.85562,1.5287,2.22994,1.06188,2.68677,0.801,0.937,0.85021,0.985,1,,,,
QEW2 y148 True,1.4,0.8,2,2.9,0.7,,,,,,,,,,
"
",,,,,,,,,,,,,,,
QEW2 y15 Prediction,1.12017,0.86691,3.4412,1.50301,1.03299,4.17345,0.806,0.891,0.78692,0.98,0.995,,,,
QEW2 y15 True,1.2,0.7,3.3,1.8,0.1,,,,,,,,,,
"
",,,,,,,,,,,,,,,
QEW2 y150 Prediction,0.85766,0.25422,3.26136,3.42206,1.04326,1.62937,0.914,0.962,0.87447,0.957,1,,,,
QEW2 y150 True,0.8,-0.5,4,4.1,0.8,,,,,,,,,,
"
",,,,,,,,,,,,,,,
QEW2 y151 Prediction,0.29204,0.16948,2.68184,2.77547,0.99966,0.29616,1,1,0.07848,1,1,,,,
QEW2 y151 True,0.3,0.4,1.9,3.2,2,,,,,,,,,,
"
",,,,,,,,,,,,,,,
QEW2 y152 Prediction,0.26759,0.10751,2.77237,2.778,1.0066,0.27344,1,1,0.07522,1,1,,,,
QEW2 y152 True,0.2,0.5,3.3,4,0.7,,,,,,,,,,
"
",,,,,,,,,,,,,,,
QEW2 y153 Prediction,0.98761,0.54802,1.58965,1.26674,1.01368,4.03233,0.735,0.912,1.68295,0.881,0.985,,,,
QEW2 y153 True,0.8,-0.1,1.1,1.1,1.1,,,,,,,,,,
"
",,,,,,,,,,,,,,,
QEW2 y154 Prediction,1.19946,0.61807,2.00048,1.63426,0.95718,6.44108,0.669,0.773,2.18134,0.823,0.982,,,,
QEW2 y154 True,1.2,0.1,2.3,2.1,0.3,,,,,,,,,,
"
",,,,,,,,,,,,,,,
QEW2 y155 Prediction,0.94455,0.6272,2.2471,2.37159,1.08764,1.15486,0.977,1,0.45214,1,1,,,,
QEW2 y155 True,0.9,0.8,1.9,1.7,0.5,,,,,,,,,,
"
",,,,,,,,,,,,,,,
QEW2 y156 Prediction,0.31251,0.2905,2.46775,3.27805,1.00106,0.42894,1,1,0.27229,1,1,,,,
QEW2 y156 True,0.6,-0.9,2.3,2.4,1.9,,,,,,,,,,
"
",,,,,,,,,,,,,,,
QEW2 y157 Prediction,0.26575,0.10842,2.78155,2.74833,1.00678,0.24796,1,1,0.08957,1,1,,,,
QEW2 y157 True,0.1,0.3,3,2.8,0.8,,,,,,,,,,
"
",,,,,,,,,,,,,,,
QEW2 y159 Prediction,0.25809,0.40017,2.29405,2.60868,1.02322,0.44414,1,1,0.2244,1,1,,,,
QEW2 y159 True,0.1,-0.9,1,3.3,0.9,,,,,,,,,,
"
",,,,,,,,,,,,,,,
QEW2 y16 Prediction,1.27441,0.6027,3.78221,1.45342,0.87832,15.10101,0.333,0.497,3.66444,0.684,0.914,,,,
QEW2 y16 True,1.5,0,3.9,2.3,0.3,,,,,,,,,,
"
",,,,,,,,,,,,,,,
QEW2 y160 Prediction,0.26917,0.43095,2.11497,2.28154,1.03948,0.43609,1,1,0.1302,1,1,,,,
QEW2 y160 True,0.3,-0.5,1.4,3.1,0.9,,,,,,,,,,
"
",,,,,,,,,,,,,,,
QEW2 y161 Prediction,0.26536,0.13548,2.75889,2.72415,1.00705,0.26877,1,1,0.04158,1,1,,,,
QEW2 y161 True,0.3,0.9,2.6,3.5,1.9,,,,,,,,,,
"
",,,,,,,,,,,,,,,
QEW2 y162 Prediction,0.31713,0.22782,2.54461,3.44673,0.99953,0.27728,1,1,0.19074,1,1,,,,
QEW2 y162 True,0.6,-0.6,3.4,4.2,0.8,,,,,,,,,,
"
",,,,,,,,,,,,,,,
QEW2 y167 Prediction,0.30111,0.21289,2.64638,2.87967,0.99728,0.32948,1,1,0.17085,1,1,,,,
QEW2 y167 True,0.6,0.3,2.9,3.9,0.2,,,,,,,,,,
"
",,,,,,,,,,,,,,,
QEW2 y168 Prediction,0.25919,0.25645,2.64573,2.41517,1.0098,0.66123,1,1,0.13151,1,1,,,,
QEW2 y168 True,0.5,1,3.7,1.7,1.7,,,,,,,,,,
"
",,,,,,,,,,,,,,,
QEW2 y17 Prediction,1.46765,0.37613,1.70807,3.8474,1.05184,4.09965,0.707,0.884,1.60002,0.917,0.985,,,,
QEW2 y17 True,1.2,-0.4,1.8,4.7,0.6,,,,,,,,,,
"
",,,,,,,,,,,,,,,
QEW2 y177 Prediction,1.45834,0.14297,1.84497,4.16114,1.04784,2.88245,0.833,0.937,1.02139,0.96,0.992,,,,
QEW2 y177 True,1.4,-0.2,2.3,4.5,1.5,,,,,,,,,,
"
",,,,,,,,,,,,,,,
QEW2 y178 Prediction,0.90824,0.44151,3.0036,1.89119,1.06689,1.58387,0.927,0.992,0.54553,0.995,1,,,,
QEW2 y178 True,0.9,0.8,3,1.5,1,,,,,,,,,,
"
",,,,,,,,,,,,,,,
QEW2 y179 Prediction,0.28723,0.46536,2.09583,1.88047,1.03899,0.74843,0.995,1,0.13292,1,1,,,,
QEW2 y179 True,0.1,-0.1,1.7,1.2,0.3,,,,,,,,,,
"
",,,,,,,,,,,,,,,
QEW2 y18 Prediction,0.44394,0.38252,2.72982,3.25455,1.01643,0.5604,0.995,1,0.58873,0.982,1,,,,
QEW2 y18 True,0.9,0.6,4,4.9,0.3,,,,,,,,,,
"
",,,,,,,,,,,,,,,
QEW2 y180 Prediction,0.27839,0.55887,1.7856,2.56559,1.055,0.46663,1,1,0.1849,1,1,,,,
QEW2 y180 True,0.2,-0.6,1.1,3.4,1.2,,,,,,,,,,
"
",,,,,,,,,,,,,,,
QEW2 y181 Prediction,1.28883,0.90161,3.54536,2.52366,1.01429,2.97258,0.859,0.919,0.88184,0.977,0.992,,,,
QEW2 y181 True,1.1,0.3,3.8,2.8,0.8,,,,,,,,,,
"
",,,,,,,,,,,,,,,
QEW2 y182 Prediction,0.48417,0.52794,1.85707,3.35911,1.04078,0.85015,0.975,0.992,0.71075,0.949,1,,,,
QEW2 y182 True,0.7,-0.1,1.7,4.1,0.8,,,,,,,,,,
"
",,,,,,,,,,,,,,,
"
",,,,,,,,,,,,,Avg flow/lane GEH,,Avg speed GEH
QEW3 y101 Prediction,0.49334,-0.03649,2.98881,3.65841,1.00578,0.40893,1,1,0.06361,1,1,,2.6256956,,0.8476982
QEW3 y101 True,0.5,-0.8,4,4.7,1,,,,,,,,,,
"
",,,,,,,,,,,,,% flow GEH < 5,,% speed GEH < 5
QEW3 y1012 Prediction,0.78211,0.46144,2.21301,1.56912,1.03879,4.73452,0.599,0.889,1.7407,0.895,1,,0.84492,,0.95726
QEW3 y1012 True,0.5,-0.3,1.1,1.5,0.2,,,,,,,,,,
"
",,,,,,,,,,,,, % flow GEH < 10,,% speed GEH < 10
QEW3 y1013 Prediction,1.4006,0.15,2.93027,1.56596,1.08644,4.17678,0.66,0.994,2.49024,0.778,0.988,,0.95876,,0.99744
QEW3 y1013 True,1.3,-0.7,1.7,1.3,1.9,,,,,,,,,,
"
",,,,,,,,,,,,,,,
QEW3 y1016 Prediction,0.53506,0.02003,2.7926,3.00564,1.00784,0.83283,0.994,1,0.18579,1,1,,,,
QEW3 y1016 True,0.6,0.8,2,3.2,0.6,,,,,,,,,,
"
",,,,,,,,,,,,,,,
QEW3 y1017 Prediction,0.57549,0.41088,2.49575,2.05387,1.03667,2.36455,0.852,1,0.3749,1,1,,,,
QEW3 y1017 True,0.4,0.7,1.6,1.6,1.8,,,,,,,,,,
"
",,,,,,,,,,,,,,,
QEW3 y1018 Prediction,1.11168,0.06928,2.71002,3.29992,1.07135,0.89926,0.988,1,0.2939,1,1,,,,
QEW3 y1018 True,1.1,0.2,2.4,3.1,1.8,,,,,,,,,,
"
",,,,,,,,,,,,,,,
QEW3 y1019 Prediction,1.17279,-0.08113,2.08049,1.66155,1.01682,6.04658,0.543,0.821,1.81159,0.907,1,,,,
QEW3 y1019 True,0.8,-0.6,2.5,1.3,1.4,,,,,,,,,,
"
",,,,,,,,,,,,,,,
QEW3 y102 Prediction,0.57672,0.34435,2.37751,2.19124,1.02048,2.3389,0.833,0.994,0.66722,0.963,1,,,,
QEW3 y102 True,0.2,0.3,1.4,2.2,0.1,,,,,,,,,,
"
",,,,,,,,,,,,,,,
QEW3 y1020 Prediction,0.52477,0.37165,2.85762,1.94387,1.01621,3.6864,0.741,0.92,0.50169,1,1,,,,
QEW3 y1020 True,0.6,0.2,3.9,1.5,0.3,,,,,,,,,,
"
",,,,,,,,,,,,,,,
QEW3 y1021 Prediction,0.78139,0.18407,2.03117,3.33121,1.04886,3.2149,0.735,0.926,1.43546,0.901,0.951,,,,
QEW3 y1021 True,0.3,0.3,1,3.9,1.7,,,,,,,,,,
"
",,,,,,,,,,,,,,,
QEW3 y1022 Prediction,0.50903,0.08698,2.76632,3.2042,1.00948,0.77445,1,1,0.2046,1,1,,,,
QEW3 y1022 True,0.1,-0.3,1.3,4.9,1.9,,,,,,,,,,
"
",,,,,,,,,,,,,,,
QEW3 y1023 Prediction,1.28533,-0.02511,2.99442,2.28632,1.05143,3.09972,0.926,0.988,1.55164,0.951,1,,,,
QEW3 y1023 True,1,-0.7,2.2,2.6,1.8,,,,,,,,,,
"
",,,,,,,,,,,,,,,
QEW3 y1024 Prediction,0.50451,0.26391,2.6943,2.05685,1.00116,1.63272,0.944,1,0.43928,0.994,1,,,,
QEW3 y1024 True,0.1,0.9,2.5,1.3,0.7,,,,,,,,,,
"
",,,,,,,,,,,,,,,
QEW3 y1026 Prediction,1.14822,0.03113,2.24991,4.315,1.06355,10.10818,0.012,0.519,1.1822,0.957,1,,,,
QEW3 y1026 True,1,-1,1,4.9,0.1,,,,,,,,,,
"
",,,,,,,,,,,,,,,
QEW3 y1027 Prediction,0.65365,0.19102,2.03482,2.46596,1.05096,4.08968,0.667,0.944,2.19341,0.809,1,,,,
QEW3 y1027 True,0.8,-0.4,1,4.6,1.9,,,,,,,,,,
"
",,,,,,,,,,,,,,,
QEW3 y1028 Prediction,0.70793,0.03744,2.96105,1.80763,1.02686,6.07182,0.556,0.747,1.02652,0.963,1,,,,
QEW3 y1028 True,0.7,-0.5,3.8,1,1.7,,,,,,,,,,
"
",,,,,,,,,,,,,,,
QEW3 y1029 Prediction,0.61472,0.03418,2.82479,2.90734,1.01736,2.35712,0.864,0.994,0.36003,1,1,,,,
QEW3 y1029 True,0.9,0.1,3.8,3.6,1.4,,,,,,,,,,
"
",,,,,,,,,,,,,,,
QEW3 y103 Prediction,0.63568,0.43447,2.72684,1.45457,1.00865,4.11009,0.636,0.901,1.01563,0.969,1,,,,
QEW3 y103 True,0.6,0.3,1.7,1.1,0.5,,,,,,,,,,
"
",,,,,,,,,,,,,,,
QEW3 y1030 Prediction,1.16889,0.0597,2.59206,2.75804,1.08188,2.66292,0.895,0.938,1.11795,0.969,1,,,,
QEW3 y1030 True,1.3,0.9,2.8,4.7,0.9,,,,,,,,,,
"
",,,,,,,,,,,,,,,
QEW3 y1032 Prediction,0.51683,0.02675,2.86726,2.67154,1.01973,2.34326,0.914,0.988,0.50126,0.981,1,,,,
QEW3 y1032 True,0.9,0.7,2.7,4.5,0.6,,,,,,,,,,
"
",,,,,,,,,,,,,,,
QEW3 y1033 Prediction,0.49158,-0.01894,2.98226,3.61466,1.00571,0.8877,1,1,0.09689,1,1,,,,
QEW3 y1033 True,0.6,-0.9,3.2,4.2,0.2,,,,,,,,,,
"
",,,,,,,,,,,,,,,
QEW3 y1034 Prediction,0.49444,0.09114,2.83328,3.15324,1.00719,0.98142,1,1,0.23074,1,1,,,,
QEW3 y1034 True,0.7,-0.1,3.2,2.7,1.2,,,,,,,,,,
"
",,,,,,,,,,,,,,,
QEW3 y1035 Prediction,0.55101,0.04879,2.93567,3.03871,1.00762,0.81196,1,1,0.12109,1,1,,,,
QEW3 y1035 True,0.6,-0.8,3.1,2.4,1.7,,,,,,,,,,
"
",,,,,,,,,,,,,,,
QEW3 y1036 Prediction,1.37911,-0.62449,2.80636,2.40593,1.08971,2.00969,0.975,1,0.73312,0.963,1,,,,
QEW3 y1036 True,1.4,-0.8,3.4,4.1,1.6,,,,,,,,,,
"
",,,,,,,,,,,,,,,
QEW3 y1037 Prediction,1.04104,0.12285,1.7885,2.2096,1.05154,3.03216,0.796,0.926,1.51767,0.901,0.988,,,,
QEW3 y1037 True,1.1,0.6,1.6,3,1.8,,,,,,,,,,
"
",,,,,,,,,,,,,,,
QEW3 y1038 Prediction,0.49711,0.04108,2.90623,3.44384,1.00426,0.74207,0.994,1,0.20299,1,1,,,,
QEW3 y1038 True,0.6,0.5,2,4,0.3,,,,,,,,,,
"
",,,,,,,,,,,,,,,
QEW3 y1039 Prediction,1.32531,0.40026,3.09583,3.18381,1.05834,3.93598,0.759,1,1.89011,0.852,0.994,,,,
QEW3 y1039 True,1.5,0.3,3.4,2.1,0.2,,,,,,,,,,
"
",,,,,,,,,,,,,,,
QEW3 y104 Prediction,0.49278,-0.0313,2.97748,3.65604,1.00734,0.5353,1,1,0.12541,1,1,,,,
QEW3 y104 True,0.3,-0.8,3.6,3.8,1.5,,,,,,,,,,
"
",,,,,,,,,,,,,,,
QEW3 y1040 Prediction,0.49196,-0.0304,2.97313,3.60892,1.00702,0.635,1,1,0.1312,1,1,,,,
QEW3 y1040 True,0.1,-0.7,2.2,5,0.8,,,,,,,,,,
"
",,,,,,,,,,,,,,,
QEW3 y1041 Prediction,0.49736,0.23056,2.92255,2.29808,1.01435,2.44147,0.784,0.975,0.33158,0.988,1,,,,
QEW3 y1041 True,0.5,0.3,3.4,2.1,0.6,,,,,,,,,,
"
",,,,,,,,,,,,,,,
QEW3 y1042 Prediction,0.4919,-0.02859,2.97618,3.64804,1.00735,0.53008,1,1,0.16,1,1,,,,
QEW3 y1042 True,0.3,-0.1,4,4.5,0.4,,,,,,,,,,
"
",,,,,,,,,,,,,,,
QEW3 y1043 Prediction,0.69934,0.31317,2.29278,2.25778,1.04922,3.67509,0.728,0.901,1.59267,0.87,1,,,,
QEW3 y1043 True,0.7,-0.7,1.2,3.9,1.2,,,,,,,,,,
"
",,,,,,,,,,,,,,,
QEW3 y1044 Prediction,1.35166,0.02401,3.18229,3.73315,1.07264,2.66855,0.938,1,0.99679,0.932,1,,,,
QEW3 y1044 True,1.4,-0.2,3.4,4.1,1.4,,,,,,,,,,
"
",,,,,,,,,,,,,,,
QEW3 y1045 Prediction,1.31764,0.17595,3.26365,3.53877,1.0589,3.30952,0.877,1,1.39253,0.883,0.994,,,,
QEW3 y1045 True,1.4,0,2.6,3.5,0.4,,,,,,,,,,
"
",,,,,,,,,,,,,,,
QEW3 y1046 Prediction,0.49266,-0.02834,2.97161,3.59836,1.00624,0.53961,1,1,0.1307,1,1,,,,
QEW3 y1046 True,0.2,1,2.6,4.6,0.7,,,,,,,,,,
"
",,,,,,,,,,,,,,,
QEW3 y1047 Prediction,0.50995,0.1888,2.5132,2.94214,1.03173,1.94906,0.951,1,0.47268,1,1,,,,
QEW3 y1047 True,0.8,0.6,1.6,4.7,1.9,,,,,,,,,,
"
",,,,,,,,,,,,,,,
QEW3 y1048 Prediction,0.91651,0.60558,2.63571,2.05543,1.01806,3.40832,0.784,0.895,0.93252,0.975,1,,,,
QEW3 y1048 True,0.7,-0.9,2.2,1.6,1,,,,,,,,,,
"
",,,,,,,,,,,,,,,
QEW3 y1049 Prediction,0.78604,0.27121,2.1253,1.50191,1.0247,4.22732,0.66,0.889,1.87837,0.858,0.994,,,,
QEW3 y1049 True,0.6,-0.3,1.3,1.8,0.9,,,,,,,,,,
"
",,,,,,,,,,,,,,,
QEW3 y105 Prediction,0.73213,0.29508,2.93915,1.83228,0.98656,3.18022,0.778,0.969,0.66825,1,1,,,,
QEW3 y105 True,0.6,-0.3,2.8,2,0.4,,,,,,,,,,
"
",,,,,,,,,,,,,,,
QEW3 y1050 Prediction,0.71214,0.23355,2.4206,2.9918,1.02484,3.09846,0.778,0.969,0.83849,0.957,1,,,,
QEW3 y1050 True,1.1,0.9,3.3,3.9,1.5,,,,,,,,,,
"
",,,,,,,,,,,,,,,
QEW3 y1052 Prediction,0.46997,0.31864,2.54719,2.33793,1.03471,2.47024,0.87,0.981,0.62088,0.988,1,,,,
QEW3 y1052 True,0.8,-0.5,3.8,1.7,0.5,,,,,,,,,,
"
",,,,,,,,,,,,,,,
QEW3 y1053 Prediction,0.69712,0.52015,2.01273,1.79861,1.03294,2.8345,0.827,0.963,0.87736,0.963,1,,,,
QEW3 y1053 True,0.5,0,1.4,3.2,1.7,,,,,,,,,,
"
",,,,,,,,,,,,,,,
QEW3 y1055 Prediction,0.46702,0.17842,2.81438,2.09121,1.00955,1.88573,0.944,1,0.42106,0.988,1,,,,
QEW3 y1055 True,0.2,0.1,3.9,1.4,2,,,,,,,,,,
"
",,,,,,,,,,,,,,,
QEW3 y1056 Prediction,1.27431,0.09348,3.21285,3.17425,1.0724,0.98457,0.994,1,0.95597,0.938,1,,,,
QEW3 y1056 True,1.2,-0.2,2,2.9,0.5,,,,,,,,,,
"
",,,,,,,,,,,,,,,
QEW3 y1057 Prediction,1.1721,-0.26723,3.25127,3.63146,1.05887,4.6967,0.642,0.926,1.33649,0.938,1,,,,
QEW3 y1057 True,0.9,-0.8,2.9,3.3,0.2,,,,,,,,,,
"
",,,,,,,,,,,,,,,
QEW3 y1058 Prediction,1.36761,-0.07823,2.79976,3.36751,1.06887,2.56254,0.938,1,0.99953,0.944,0.975,,,,
QEW3 y1058 True,1.4,-0.2,2.3,4.9,0.5,,,,,,,,,,
"
",,,,,,,,,,,,,,,
QEW3 y1059 Prediction,1.29728,0.48952,2.48258,3.18109,1.09669,2.15431,1,1,1.11547,0.975,1,,,,
QEW3 y1059 True,1.4,0.4,3.5,2.2,1.6,,,,,,,,,,
"
",,,,,,,,,,,,,,,
QEW3 y106 Prediction,1.22097,0.31866,2.90162,3.53588,1.08312,2.75452,0.932,1,1.18653,0.944,1,,,,
QEW3 y106 True,1.3,0.1,2.9,3.8,1.4,,,,,,,,,,
"
",,,,,,,,,,,,,,,
QEW3 y1060 Prediction,1.21164,-0.04635,2.91292,2.31657,1.06174,1.89832,0.938,0.981,1.17224,0.969,0.988,,,,
QEW3 y1060 True,1.1,-0.3,4,1.6,1,,,,,,,,,,
"
",,,,,,,,,,,,,,,
QEW3 y1061 Prediction,0.49106,-0.03609,2.99129,3.67066,1.00578,0.49076,1,1,0.09796,1,1,,,,
QEW3 y1061 True,0.4,0.7,3.7,3,0.8,,,,,,,,,,
"
",,,,,,,,,,,,,,,
"
",,,,,,,,,,,,,Avg flow/lane GEH,,Avg speed GEH
QEW4 y10 Prediction,1.39204,0.20041,2.15914,3.32662,1.06338,5.33986,0.528,0.994,1.34833,0.939,1,,3.2210576,,1.5130002
QEW4 y10 True,1.4,-0.5,3.2,1.8,0.2,,,,,,,,,,
"
",,,,,,,,,,,,,% flow GEH < 5,,% speed GEH < 5
QEW4 y102 Prediction,0.55493,0.47886,1.96291,1.82409,1.02677,1.80507,0.878,0.972,1.00113,0.928,1,,0.76074,,0.89444
QEW4 y102 True,0.1,-0.9,2.7,1.1,0.4,,,,,,,,,,
"
",,,,,,,,,,,,, % flow GEH < 10,,% speed GEH < 10
QEW4 y103 Prediction,1.42623,0.29174,2.11262,3.49134,1.0621,6.79486,0.156,0.944,1.44182,0.917,1,,0.925,,0.99686
QEW4 y103 True,1.5,-0.3,2.9,3.5,0.7,,,,,,,,,,
"
",,,,,,,,,,,,,,,
QEW4 y104 Prediction,0.69516,0.28711,2.25726,1.99522,0.98562,5.35127,0.628,0.767,3.21842,0.594,1,,,,
QEW4 y104 True,0.5,0.8,3.1,1.8,0.4,,,,,,,,,,
"
",,,,,,,,,,,,,,,
QEW4 y105 Prediction,1.38928,0.42694,1.97862,2.22375,1.04961,5.61551,0.444,0.878,2.66587,0.867,1,,,,
QEW4 y105 True,0.9,0.9,1.2,2.9,0.3,,,,,,,,,,
"
",,,,,,,,,,,,,,,
QEW4 y106 Prediction,0.61891,0.24261,2.25498,2.2603,0.99142,0.3863,0.994,1,0.12221,1,1,,,,
QEW4 y106 True,0.6,0.7,2.9,2.1,1.2,,,,,,,,,,
"
",,,,,,,,,,,,,,,
QEW4 y107 Prediction,0.60669,0.16947,2.36012,2.52481,0.99208,0.54379,1,1,0.13856,1,1,,,,
QEW4 y107 True,0.6,-0.8,3.2,4.3,0.2,,,,,,,,,,
"
",,,,,,,,,,,,,,,
QEW4 y108 Prediction,1.33891,-0.26196,2.4418,3.45497,1.05618,0.49652,1,1,1.01805,1,1,,,,
QEW4 y108 True,1.2,-0.8,4,4.9,1.7,,,,,,,,,,
"
",,,,,,,,,,,,,,,
QEW4 y109 Prediction,1.3184,0.45983,1.82208,2.99995,1.04132,1.31304,1,1,1.03658,0.989,1,,,,
QEW4 y109 True,1,-0.4,1,2.3,0.8,,,,,,,,,,
"
",,,,,,,,,,,,,,,
QEW4 y11 Prediction,0.80735,0.08479,2.1303,3.25918,1.0123,0.44524,1,1,0.18623,1,1,,,,
QEW4 y11 True,0.6,0.3,1.2,4.8,0.3,,,,,,,,,,
"
",,,,,,,,,,,,,,,
QEW4 y110 Prediction,0.59127,0.24326,2.19926,3.38026,1.0198,1.18273,1,1,0.26571,1,1,,,,
QEW4 y110 True,0.9,0.1,3.3,4.5,0.1,,,,,,,,,,
"
",,,,,,,,,,,,,,,
QEW4 y111 Prediction,0.72222,0.2827,2.31657,2.03973,0.99038,5.19355,0.633,0.75,3.25428,0.611,1,,,,
QEW4 y111 True,0.4,0.9,2,1.9,0.8,,,,,,,,,,
"
",,,,,,,,,,,,,,,
QEW4 y112 Prediction,0.72222,0.23596,2.2418,2.22946,0.97995,4.18962,0.722,0.806,2.74154,0.678,0.989,,,,
QEW4 y112 True,0.6,0.3,2.9,2.2,0.1,,,,,,,,,,
"
",,,,,,,,,,,,,,,
QEW4 y113 Prediction,0.71389,0.52703,2.17717,1.58142,1.03487,4.50402,0.622,0.822,2.22912,0.811,1,,,,
QEW4 y113 True,0.5,0.2,2.4,1.3,1.3,,,,,,,,,,
"
",,,,,,,,,,,,,,,
QEW4 y114 Prediction,0.81535,0.34612,1.93122,3.27135,1.01371,4.19439,0.7,0.867,3.41992,0.622,0.989,,,,
QEW4 y114 True,1.1,0.5,1.9,4.6,0.7,,,,,,,,,,
"
",,,,,,,,,,,,,,,
QEW4 y115 Prediction,1.12482,0.36041,1.97833,2.45663,1.02951,4.51948,0.533,0.944,3.11952,0.783,0.972,,,,
QEW4 y115 True,1,-0.9,1.5,2.2,0.3,,,,,,,,,,
"
",,,,,,,,,,,,,,,
QEW4 y116 Prediction,1.28976,0.5269,1.84047,2.52555,1.0245,3.34321,0.711,0.978,2.47669,0.856,1,,,,
QEW4 y116 True,1,-0.9,2.3,1,1.4,,,,,,,,,,
"
",,,,,,,,,,,,,,,
QEW4 y117 Prediction,0.54283,0.16982,2.49076,2.29733,0.98769,0.53031,1,1,0.32746,1,1,,,,
QEW4 y117 True,0.1,0.2,3.9,3.2,0.8,,,,,,,,,,
"
",,,,,,,,,,,,,,,
QEW4 y118 Prediction,0.70146,0.29248,2.39068,1.96243,1.00667,3.08868,0.739,0.911,2.2904,0.756,1,,,,
QEW4 y118 True,0.5,-0.1,3.5,1.8,1.8,,,,,,,,,,
"
",,,,,,,,,,,,,,,
QEW4 y119 Prediction,1.12634,0.63157,1.98488,1.46353,1.06817,7.33841,0.483,0.694,2.85172,0.817,1,,,,
QEW4 y119 True,0.5,0.1,1.7,1.8,0.6,,,,,,,,,,
"
",,,,,,,,,,,,,,,
QEW4 y12 Prediction,1.38127,0.32643,2.01139,2.72786,1.04073,2.44775,0.95,1,2.06629,0.944,0.983,,,,
QEW4 y12 True,1.5,0.8,2.7,4.5,1.3,,,,,,,,,,
"
",,,,,,,,,,,,,,,
QEW4 y120 Prediction,0.61612,0.18949,2.30366,2.42659,0.99399,0.41393,1,1,0.20153,1,1,,,,
QEW4 y120 True,0.4,0.3,2.5,4.1,1.9,,,,,,,,,,
"
",,,,,,,,,,,,,,,
QEW4 y121 Prediction,1.34006,0.18415,2.25427,2.87089,1.03769,3.62521,0.756,1,1.0266,1,1,,,,
QEW4 y121 True,1.3,-0.4,2.4,1.8,1.1,,,,,,,,,,
"
",,,,,,,,,,,,,,,
QEW4 y122 Prediction,1.3016,0.56876,1.86125,2.43348,1.05869,8.82301,0.378,0.55,3.26173,0.761,0.978,,,,
QEW4 y122 True,0.9,0.6,1,3.5,1.5,,,,,,,,,,
"
",,,,,,,,,,,,,,,
QEW4 y123 Prediction,0.67297,0.31985,2.25098,1.97297,1.01216,3.27719,0.778,0.867,1.92493,0.778,1,,,,
QEW4 y123 True,0.4,0.5,2,2,0.3,,,,,,,,,,
"
",,,,,,,,,,,,,,,
QEW4 y124 Prediction,1.38447,0.37163,2.16962,3.2062,1.03759,5.233,0.422,0.989,1.63611,0.928,1,,,,
QEW4 y124 True,1.4,0,1.5,4.5,1.7,,,,,,,,,,
"
",,,,,,,,,,,,,,,
QEW4 y125 Prediction,0.60408,0.24976,2.27757,2.17735,0.98932,4.3159,0.717,0.856,2.2545,0.783,1,,,,
QEW4 y125 True,0.3,0.4,3.7,1.3,1,,,,,,,,,,
"
",,,,,,,,,,,,,,,
QEW4 y126 Prediction,0.62453,0.17789,2.1928,2.54392,1.01031,0.59909,1,1,0.20514,1,1,,,,
QEW4 y126 True,0.3,-0.7,1.3,4.4,1,,,,,,,,,,
"
",,,,,,,,,,,,,,,
QEW4 y127 Prediction,1.42316,-0.05386,2.14368,3.71104,1.07889,5.5638,0.483,0.983,0.96828,0.972,1,,,,
QEW4 y127 True,1.5,-0.6,3,2.8,1.5,,,,,,,,,,
"
",,,,,,,,,,,,,,,
QEW4 y13 Prediction,1.32585,0.14734,2.18639,3.13102,1.03414,2.12756,1,1,0.70958,1,1,,,,
QEW4 y13 True,1.2,-0.5,2.6,4,1.7,,,,,,,,,,
"
",,,,,,,,,,,,,,,
QEW4 y132 Prediction,1.05436,0.17208,1.66633,4.23069,1.02481,0.46622,1,1,0.68707,0.994,1,,,,
QEW4 y132 True,1,0.5,1.1,4.7,0.3,,,,,,,,,,
"
",,,,,,,,,,,,,,,
QEW4 y133 Prediction,0.79495,0.23157,2.07419,2.51605,0.99285,6.80815,0.539,0.661,4.39417,0.517,0.983,,,,
QEW4 y133 True,1,0,3.7,2.6,1,,,,,,,,,,
"
",,,,,,,,,,,,,,,
QEW4 y134 Prediction,0.69064,0.22315,2.11491,2.62558,0.99187,1.20803,1,1,0.4292,1,1,,,,
QEW4 y134 True,1,0.1,3.9,3,1.4,,,,,,,,,,
"
",,,,,,,,,,,,,,,
QEW4 y135 Prediction,1.2939,0.55826,1.79053,2.63076,1.04256,2.892,0.833,0.922,2.08584,0.894,0.989,,,,
QEW4 y135 True,1.1,-0.2,2.8,1.7,1.8,,,,,,,,,,
"
",,,,,,,,,,,,,,,
QEW4 y136 Prediction,1.30767,0.7022,1.52712,1.9405,1.09713,4.56352,0.622,0.878,0.88378,0.972,1,,,,
QEW4 y136 True,1.2,0.6,1.9,2,1.4,,,,,,,,,,
"
",,,,,,,,,,,,,,,
QEW4 y137 Prediction,1.36908,0.38609,2.20805,3.0841,1.03055,3.93197,0.761,1,1.35461,0.967,1,,,,
QEW4 y137 True,1.4,0.1,1.9,4.6,0.5,,,,,,,,,,
"
",,,,,,,,,,,,,,,
QEW4 y138 Prediction,0.62197,0.18875,2.25671,3.15866,1.00917,1.16999,1,1,0.32139,1,1,,,,
QEW4 y138 True,0.8,-1,2.5,4.2,0.1,,,,,,,,,,
"
",,,,,,,,,,,,,,,
QEW4 y139 Prediction,1.42644,0.35637,2.12043,3.42841,1.06238,7.18119,0.117,0.906,1.61719,0.917,1,,,,
QEW4 y139 True,1.5,-0.3,3.3,3.7,1.8,,,,,,,,,,
"
",,,,,,,,,,,,,,,
QEW4 y14 Prediction,1.44004,0.45116,1.76435,3.56987,1.07815,9.33634,0.011,0.678,1.99543,0.878,0.994,,,,
QEW4 y14 True,1.4,-0.4,1,3.1,2,,,,,,,,,,
"
",,,,,,,,,,,,,,,
QEW4 y140 Prediction,1.35048,0.28642,2.20719,2.79057,1.03092,2.84403,0.872,1,1.00867,1,1,,,,
QEW4 y140 True,1.3,-0.3,3.7,1.9,0.7,,,,,,,,,,
"
",,,,,,,,,,,,,,,
QEW4 y141 Prediction,0.58861,0.17642,2.39524,2.3722,0.98905,0.55757,0.989,1,0.35759,0.989,1,,,,
QEW4 y141 True,0.4,-0.4,3,4.2,1,,,,,,,,,,
"
",,,,,,,,,,,,,,,
QEW4 y142 Prediction,1.25184,0.18175,1.88865,2.84781,1.00192,2.33919,0.944,1,1.80327,0.933,0.983,,,,
QEW4 y142 True,1,-0.5,2,2.2,1.3,,,,,,,,,,
"
",,,,,,,,,,,,,,,
QEW4 y143 Prediction,1.30653,0.49363,2.00733,2.50885,1.02459,3.76722,0.739,0.983,2.02354,0.911,0.983,,,,
QEW4 y143 True,1.4,0.2,3.7,2.9,0.9,,,,,,,,,,
"
",,,,,,,,,,,,,,,
QEW4 y144 Prediction,0.7177,0.21356,2.20368,2.39842,1.00269,2.34048,0.85,0.894,1.6913,0.822,1,,,,
QEW4 y144 True,0.7,0.9,2,2.7,0.3,,,,,,,,,,
"
",,,,,,,,,,,,,,,
QEW4 y145 Prediction,0.62061,0.19724,2.31053,2.42531,0.99158,2.61706,0.811,0.906,2.1597,0.783,1,,,,
QEW4 y145 True,0.7,-0.1,3.5,3,1,,,,,,,,,,
"
",,,,,,,,,,,,,,,
QEW4 y146 Prediction,0.59422,0.17311,2.39678,2.39119,0.98819,0.48192,1,1,0.32528,0.994,1,,,,
QEW4 y146 True,0.3,0.7,3,4,1.1,,,,,,,,,,
"
",,,,,,,,,,,,,,,
QEW4 y147 Prediction,0.70438,0.38277,2.22606,1.72555,1.0063,4.08544,0.7,0.85,1.84444,0.839,1,,,,
QEW4 y147 True,0.6,0.4,2.6,2.1,1.9,,,,,,,,,,
"
",,,,,,,,,,,,,,,
QEW4 y148 Prediction,1.14836,0.12079,1.98405,3.35279,1.01886,0.75444,1,1,0.718,0.989,1,,,,
QEW4 y148 True,1,-0.5,2.1,3.9,1,,,,,,,,,,
"
",,,,,,,,,,,,,,,
QEW4 y149 Prediction,0.69846,0.2363,2.12435,2.5168,0.99899,0.4689,1,1,0.14851,1,1,,,,
QEW4 y149 True,0.7,0.9,1.6,3.6,0.8,,,,,,,,,,
"
",,,,,,,,,,,,,,,
QEW4 y15 Prediction,0.55254,0.18458,2.46008,2.26024,0.9871,0.63692,0.994,1,0.39278,0.989,1,,,,
QEW4 y15 True,0.2,-0.6,4,2.6,1.6,,,,,,,,,,
"
",,,,,,,,,,,,,,,
"
",,,,,,,,,,,,,Avg flow/lane GEH,,Avg speed GEH
QEW5 y0 Prediction,0.82852,0.42837,1.81286,3.1076,1.14483,1.70354,0.941,0.963,0.22368,0.996,1,,2.7637086,,0.7170896
QEW5 y0 True,0.9,0.7,1.9,4,0.3,,,,,,,,,,
"
",,,,,,,,,,,,,% flow GEH < 5,,% speed GEH < 5
QEW5 y1 Prediction,0.35909,0.15509,2.97274,3.70142,1.05012,1.01759,0.952,0.963,0.07216,1,1,,0.83118,,0.96302
QEW5 y1 True,0.3,0.4,2,4.8,0.8,,,,,,,,,,
"
",,,,,,,,,,,,, % flow GEH < 10,,% speed GEH < 10
QEW5 y10 Prediction,0.46011,0.32438,2.22571,3.77118,1.07831,1.31078,0.952,0.963,0.23373,1,1,,0.93014,,0.9974
QEW5 y10 True,0.5,-0.9,1.3,4.5,1.8,,,,,,,,,,
"
",,,,,,,,,,,,,,,
QEW5 y100 Prediction,1.25039,-0.18029,2.43999,4.47727,1.0816,4.94272,0.556,0.915,1.51323,0.896,1,,,,
QEW5 y100 True,0.9,-0.5,1.7,3.8,1.8,,,,,,,,,,
"
",,,,,,,,,,,,,,,
QEW5 y101 Prediction,0.3759,0.20194,2.90563,3.74773,1.05555,1.05298,0.956,0.963,0.09096,1,1,,,,
QEW5 y101 True,0.4,0.1,2.7,2.8,1.7,,,,,,,,,,
"
",,,,,,,,,,,,,,,
QEW5 y102 Prediction,0.99904,0.2669,3.28504,1.52096,1.02752,7.06589,0.5,0.722,3.04985,0.681,0.967,,,,
QEW5 y102 True,0.3,-1,4,1,1.3,,,,,,,,,,
"
",,,,,,,,,,,,,,,
QEW5 y103 Prediction,0.42628,0.43535,1.62457,3.31914,1.1167,1.26126,0.952,0.963,0.18686,1,1,,,,
QEW5 y103 True,0.2,0.3,1,3.8,0.8,,,,,,,,,,
"
",,,,,,,,,,,,,,,
QEW5 y104 Prediction,1.24475,-0.21196,3.31634,4.16265,1.06953,6.80873,0.407,0.796,1.67847,0.874,0.993,,,,
QEW5 y104 True,1.1,0.4,2.2,4.1,1.1,,,,,,,,,,
"
",,,,,,,,,,,,,,,
QEW5 y105 Prediction,0.92315,0.17239,2.88192,3.42902,1.11492,1.52243,0.952,0.959,0.44271,1,1,,,,
QEW5 y105 True,1.1,0.9,2.9,5,0.5,,,,,,,,,,
"
",,,,,,,,,,,,,,,
QEW5 y106 Prediction,1.17726,-0.09861,2.56115,4.31112,1.09832,5.57465,0.478,0.893,1.64811,0.885,1,,,,
QEW5 y106 True,0.8,-1,1.9,2.7,1.4,,,,,,,,,,
"
",,,,,,,,,,,,,,,
QEW5 y107 Prediction,1.22629,0.29242,2.20907,2.23451,1.2119,2.45394,0.904,0.959,1.04604,0.97,1,,,,
QEW5 y107 True,1.3,1,3.2,2.2,0.4,,,,,,,,,,
"
",,,,,,,,,,,,,,,
QEW5 y108 Prediction,1.40941,-0.30966,2.2774,3.99974,1.04174,2.80514,0.893,0.963,1.09363,0.97,1,,,,
QEW5 y108 True,1.4,-0.2,1.2,3.1,0.8,,,,,,,,,,
"
",,,,,,,,,,,,,,,
QEW5 y109 Prediction,0.68243,0.16938,2.47095,3.98852,1.08663,1.97409,0.933,0.959,0.3839,1,1,,,,
QEW5 y109 True,1,0.8,4,3.9,1.9,,,,,,,,,,
"
",,,,,,,,,,,,,,,
QEW5 y11 Prediction,0.4316,0.24353,3.08643,3.18326,1.05191,1.32186,0.956,0.963,0.24022,0.996,1,,,,
QEW5 y11 True,0.6,0.5,3.8,2,1.5,,,,,,,,,,
"
",,,,,,,,,,,,,,,
QEW5 y110 Prediction,0.45948,0.22241,2.96369,3.38596,1.06851,1.16591,0.952,0.963,0.20493,1,1,,,,
QEW5 y110 True,0.7,0.9,3.2,3,1.4,,,,,,,,,,
"
",,,,,,,,,,,,,,,
QEW5 y112 Prediction,1.33862,-0.03284,3.24775,3.51582,1.13308,7.62997,0.293,0.752,1.95533,0.822,0.996,,,,
QEW5 y112 True,1.2,0.9,2,4.6,1.5,,,,,,,,,,
"
",,,,,,,,,,,,,,,
QEW5 y113 Prediction,1.1894,0.28343,2.56215,1.77943,1.16846,3.20448,0.826,0.959,0.53475,0.989,1,,,,
QEW5 y113 True,1.2,0.5,2.9,2.3,1.6,,,,,,,,,,
"
",,,,,,,,,,,,,,,
QEW5 y114 Prediction,1.33538,-0.30855,2.79959,3.91516,1.02037,3.49238,0.878,0.959,0.55736,0.993,1,,,,
QEW5 y114 True,1.4,-0.5,3.1,3.8,1.8,,,,,,,,,,
"
",,,,,,,,,,,,,,,
QEW5 y115 Prediction,0.83762,0.4736,2.69861,1.70946,1.08912,5.48177,0.556,0.819,1.89733,0.856,1,,,,
QEW5 y115 True,0.3,0.5,3.3,1,1.1,,,,,,,,,,
"
",,,,,,,,,,,,,,,
QEW5 y116 Prediction,0.44613,0.33259,2.23718,3.78163,1.07853,1.245,0.952,0.963,0.18747,1,1,,,,
QEW5 y116 True,0.5,-0.5,1.5,3.8,0.9,,,,,,,,,,
"
",,,,,,,,,,,,,,,
QEW5 y117 Prediction,1.33513,-0.38664,2.95916,3.93917,1.0216,2.00962,0.941,0.959,0.76475,0.981,1,,,,
QEW5 y117 True,1.5,0,2.9,4.2,1.4,,,,,,,,,,
"
",,,,,,,,,,,,,,,
QEW5 y12 Prediction,1.28474,-0.40414,2.88558,3.98212,1.03449,2.45788,0.933,0.963,0.40344,1,1,,,,
QEW5 y12 True,1.3,-0.6,3.1,3.9,2,,,,,,,,,,
"
",,,,,,,,,,,,,,,
QEW5 y120 Prediction,1.31638,-0.13119,3.57729,3.65714,1.05846,4.37738,0.793,0.904,0.90297,0.959,1,,,,
QEW5 y120 True,1.3,0.3,4,4.4,0.4,,,,,,,,,,
"
",,,,,,,,,,,,,,,
QEW5 y121 Prediction,0.77905,0.44914,1.75142,3.65734,1.16218,2.95548,0.785,0.952,0.78518,0.967,1,,,,
QEW5 y121 True,0.9,1,1.6,4.1,0.1,,,,,,,,,,
"
",,,,,,,,,,,,,,,
QEW5 y122 Prediction,0.45882,0.2447,2.72763,3.85312,1.05272,1.453,0.952,0.963,0.32272,1,1,,,,
QEW5 y122 True,0.8,0.5,2.8,4,1.7,,,,,,,,,,
"
",,,,,,,,,,,,,,,
QEW5 y123 Prediction,0.33576,0.05232,3.25912,3.72465,1.03534,1.03755,0.956,0.963,0.13663,1,1,,,,
QEW5 y123 True,0.1,-0.1,3.7,4,1.3,,,,,,,,,,
"
",,,,,,,,,,,,,,,
QEW5 y124 Prediction,0.49857,0.00461,2.86917,1.71749,1.06339,4.74644,0.622,0.8,0.96275,0.907,0.981,,,,
QEW5 y124 True,0.6,-0.5,3,1.5,0.2,,,,,,,,,,
"
",,,,,,,,,,,,,,,
QEW5 y125 Prediction,0.35238,0.07711,3.19219,3.72726,1.03464,1.12118,0.952,0.963,0.0943,1,1,,,,
QEW5 y125 True,0.5,-0.9,3.7,5,1.2,,,,,,,,,,
"
",,,,,,,,,,,,,,,
QEW5 y126 Prediction,1.28677,-0.34632,3.04982,3.744,1.02048,1.80578,0.926,0.963,0.70229,0.985,1,,,,
QEW5 y126 True,1.4,-0.1,3.4,3.2,0.7,,,,,,,,,,
"
",,,,,,,,,,,,,,,
QEW5 y128 Prediction,1.21403,-0.07406,3.26362,4.28095,1.07038,5.35443,0.604,0.87,1.49065,0.881,1,,,,
QEW5 y128 True,1.1,0.3,2.8,4.1,0.9,,,,,,,,,,
"
",,,,,,,,,,,,,,,
QEW5 y129 Prediction,1.07011,-0.2804,2.57802,1.3306,0.98987,7.19131,0.444,0.711,3.28382,0.693,0.933,,,,
QEW5 y129 True,0.6,-0.3,2.9,1.2,0.4,,,,,,,,,,
"
",,,,,,,,,,,,,,,
QEW5 y13 Prediction,1.2421,0.16554,1.56707,1.37134,1.08201,3.38937,0.863,0.967,0.98249,0.993,1,,,,
QEW5 y13 True,1.4,0.5,1,1.6,1.5,,,,,,,,,,
"
",,,,,,,,,,,,,,,
QEW5 y130 Prediction,0.40386,0.15792,2.96945,3.7453,1.04135,1.27922,0.956,0.963,0.23701,1,1,,,,
QEW5 y130 True,0.7,0.2,3.2,3.5,1.6,,,,,,,,,,
"
",,,,,,,,,,,,,,,
QEW5 y132 Prediction,0.57081,0.4702,1.6675,3.07032,1.1412,1.263,0.952,0.963,0.16862,1,1,,,,
QEW5 y132 True,0.5,-0.9,1.2,3.3,0.6,,,,,,,,,,
"
",,,,,,,,,,,,,,,
QEW5 y133 Prediction,0.81028,0.60646,1.8591,1.65373,1.14286,2.65022,0.841,0.944,0.43708,0.996,1,,,,
QEW5 y133 True,0.7,0.4,2,1.3,1.4,,,,,,,,,,
"
",,,,,,,,,,,,,,,
QEW5 y134 Prediction,0.6301,0.57366,2.00005,2.44264,1.11648,1.62591,0.956,0.963,0.4606,0.985,1,,,,
QEW5 y134 True,0.4,0.1,1.7,1.6,1.6,,,,,,,,,,
"
",,,,,,,,,,,,,,,
QEW5 y135 Prediction,0.90271,0.64534,1.32516,3.05587,1.1612,2.29502,0.911,0.959,0.51268,0.996,1,,,,
QEW5 y135 True,0.7,0.4,1.1,3.4,1.9,,,,,,,,,,
"
",,,,,,,,,,,,,,,
QEW5 y136 Prediction,1.28743,0.12198,2.07017,2.15054,1.16146,6.11882,0.452,0.856,1.49706,0.944,1,,,,
QEW5 y136 True,0.8,-1,1.7,1.4,1.9,,,,,,,,,,
"
",,,,,,,,,,,,,,,
QEW5 y137 Prediction,0.38753,0.09693,3.12382,3.76084,1.032,1.26627,0.952,0.963,0.16909,1,1,,,,
QEW5 y137 True,0.6,-0.9,3,4.5,0.3,,,,,,,,,,
"
",,,,,,,,,,,,,,,
QEW5 y138 Prediction,0.88703,0.12709,2.77311,3.66642,1.10551,2.2176,0.9,0.963,0.43466,1,1,,,,
QEW5 y138 True,1,0.2,3.4,3.2,2,,,,,,,,,,
"
",,,,,,,,,,,,,,,
QEW5 y139 Prediction,0.33987,0.12116,2.71234,3.46198,1.0605,1.16026,0.952,0.963,0.13981,1,1,,,,
QEW5 y139 True,0.1,-0.1,1.3,4.9,1.5,,,,,,,,,,
"
",,,,,,,,,,,,,,,
QEW5 y14 Prediction,0.36383,0.12144,3.1062,3.726,1.0402,1.10594,0.956,0.959,0.11351,1,1,,,,
QEW5 y14 True,0.6,1,4,3.7,1.5,,,,,,,,,,
"
",,,,,,,,,,,,,,,
QEW5 y140 Prediction,0.34179,0.07913,3.20416,3.71438,1.03782,0.97452,0.952,0.963,0.04295,1,1,,,,
QEW5 y140 True,0.3,-0.1,3.3,3.9,1.7,,,,,,,,,,
"
",,,,,,,,,,,,,,,
QEW5 y141 Prediction,0.3949,0.15997,2.9635,3.75825,1.0444,1.20003,0.952,0.963,0.20559,1,1,,,,
QEW5 y141 True,0.7,0.6,3.7,3.3,1.2,,,,,,,,,,
"
",,,,,,,,,,,,,,,
QEW5 y142 Prediction,1.1914,-0.35066,2.93578,3.45227,1.06316,2.41346,0.889,0.963,0.48354,0.996,1,,,,
QEW5 y142 True,1.2,-0.7,3.4,2.5,0.1,,,,,,,,,,
"
",,,,,,,,,,,,,,,
QEW5 y143 Prediction,0.33658,0.06233,3.24174,3.7032,1.03542,0.99335,0.956,0.963,0.07342,1,1,,,,
QEW5 y143 True,0.3,0.2,3.9,5,1.3,,,,,,,,,,
"
",,,,,,,,,,,,,,,
QEW5 y144 Prediction,1.23826,-0.20309,3.3699,4.16528,1.0759,4.0493,0.77,0.952,1.15744,0.981,1,,,,
QEW5 y144 True,1,-0.8,4,2.8,1.7,,,,,,,,,,
"
",,,,,,,,,,,,,,,
QEW5 y145 Prediction,0.80795,0.23248,1.66532,2.31448,1.13,3.35509,0.748,0.944,0.91992,0.959,1,,,,
QEW5 y145 True,0.6,-0.3,1.2,1.9,0.7,,,,,,,,,,
"
",,,,,,,,,,,,,,,
QEW5 y147 Prediction,1.30182,-0.49875,2.12271,3.27575,1.04932,1.54283,0.952,0.963,0.3212,1,1,,,,
QEW5 y147 True,1.3,-0.4,2,3.1,1.8,,,,,,,,,,
"
",,,,,,,,,,,,,,,
QEW5 y148 Prediction,0.49826,0.1744,3.03296,3.66659,1.05009,1.74006,0.952,0.963,0.40759,1,1,,,,
QEW5 y148 True,0.8,-0.5,3.7,2.9,0.9,,,,,,,,,,
"
",,,,,,,,,,,,,,,
"
",,,,,,,,,,,,,,,
